[{"id":"user-image-2023-03-2020.58.10.png","publicUrl":"np://user.desktop.nicepage.com/Site_737519087/images/2023-03-2020.58.10.png","size":198269,"hash":"9aQ74LJgdjMVDlqfthEgIR2l9C8=","fileName":"2023-03-2020.58.10.png","name":"2023-03-2020.58.10","width":1136,"height":828,"thumbnail":{"url":"np://user.desktop.nicepage.com/Site_737519087/images/thumbnails/2023-03-2020.58.10.png","width":250,"height":182},"usages":["1007313269"]},{"id":"user-image-2023-03-2021.51.17.png","publicUrl":"np://user.desktop.nicepage.com/Site_737519087/images/2023-03-2021.51.17.png","size":186719,"hash":"7gTtSE7aRoT64ujjvAVD8pfqeJ8=","fileName":"2023-03-2021.51.17.png","name":"2023-03-2021.51.17","width":804,"height":916,"thumbnail":{"url":"np://user.desktop.nicepage.com/Site_737519087/images/thumbnails/2023-03-2021.51.17.png","width":219,"height":250},"usages":["81491701","67977996","181302207","814610371","71206105"]},{"id":"user-image-2023-03-2022.31.12.png","publicUrl":"np://user.desktop.nicepage.com/Site_737519087/images/2023-03-2022.31.12.png","size":8551,"hash":"quYzUOlKB5S5sFEXD9KunIkGutU=","fileName":"2023-03-2022.31.12.png","name":"2023-03-2022.31.12","width":129,"height":140,"thumbnail":{"url":"np://user.desktop.nicepage.com/Site_737519087/images/thumbnails/2023-03-2022.31.12.png","width":129,"height":140,"length":8551,"type":"png"},"usages":["1007313269"]},{"id":"user-image-2023-03-2022.49.52.png","publicUrl":"np://user.desktop.nicepage.com/Site_737519087/images/2023-03-2022.49.52.png","size":47723,"hash":"vtVMe1RvCZcBb/kJhyjoWTQu2uc=","fileName":"2023-03-2022.49.52.png","name":"2023-03-2022.49.52","width":483,"height":196,"thumbnail":{"url":"np://user.desktop.nicepage.com/Site_737519087/images/thumbnails/2023-03-2022.49.52.png","width":250,"height":101},"usages":["81491701","181302207","814610371","71206105"]},{"id":"user-image-2023-03-2023.49.27.png","publicUrl":"np://user.desktop.nicepage.com/Site_737519087/images/2023-03-2023.49.27.png","size":60672,"hash":"I8lGgaonZ69xyNkP0Svn6fM/+h8=","fileName":"2023-03-2023.49.27.png","name":"2023-03-2023.49.27","width":530,"height":236,"thumbnail":{"url":"np://user.desktop.nicepage.com/Site_737519087/images/thumbnails/2023-03-2023.49.27.png","width":250,"height":111},"usages":["81491701"]},{"id":"user-image-2023-03-2023.49.35.png","publicUrl":"np://user.desktop.nicepage.com/Site_737519087/images/2023-03-2023.49.35.png","size":58568,"hash":"xd7khENhLFBFGVDZPfhpPHXcRfU=","fileName":"2023-03-2023.49.35.png","name":"2023-03-2023.49.35","width":522,"height":226,"thumbnail":{"url":"np://user.desktop.nicepage.com/Site_737519087/images/thumbnails/2023-03-2023.49.35.png","width":250,"height":108},"usages":["81491701","67977996","181302207","71206105"]},{"id":"user-image-2023-03-2023.49.43.png","publicUrl":"np://user.desktop.nicepage.com/Site_737519087/images/2023-03-2023.49.43.png","size":72111,"hash":"QrslLG2ULhKO4GVPd6VuU59+Sak=","fileName":"2023-03-2023.49.43.png","name":"2023-03-2023.49.43","width":542,"height":216,"thumbnail":{"url":"np://user.desktop.nicepage.com/Site_737519087/images/thumbnails/2023-03-2023.49.43.png","width":250,"height":100},"usages":["81491701","181302207","814610371"]},{"id":"user-image-2023-03-2111.32.14.png","publicUrl":"np://user.desktop.nicepage.com/Site_737519087/images/2023-03-2111.32.14.png","size":64441,"hash":"+mybjQlJFOcYmbL0Dw8rU4HmAa0=","fileName":"2023-03-2111.32.14.png","name":"2023-03-2111.32.14","width":502,"height":198,"thumbnail":{"url":"np://user.desktop.nicepage.com/Site_737519087/images/thumbnails/2023-03-2111.32.14.png","width":250,"height":99},"usages":["67977996"]},{"id":"user-image-2023-03-2111.32.27.png","publicUrl":"np://user.desktop.nicepage.com/Site_737519087/images/2023-03-2111.32.27.png","size":61588,"hash":"7q7I3YfxKSEhCnGyKOWf5010ENo=","fileName":"2023-03-2111.32.27.png","name":"2023-03-2111.32.27","width":492,"height":192,"thumbnail":{"url":"np://user.desktop.nicepage.com/Site_737519087/images/thumbnails/2023-03-2111.32.27.png","width":250,"height":98},"usages":["67977996"]},{"id":"user-image-2023-03-2111.31.13.png","publicUrl":"np://user.desktop.nicepage.com/Site_737519087/images/2023-03-2111.31.13.png","size":60470,"hash":"uDRvpbRSys6HCEXuJLCfjZ+iwx0=","fileName":"2023-03-2111.31.13.png","name":"2023-03-2111.31.13","width":502,"height":204,"thumbnail":{"url":"np://user.desktop.nicepage.com/Site_737519087/images/thumbnails/2023-03-2111.31.13.png","width":250,"height":102},"usages":["67977996"]},{"id":"user-image-2023-03-2111.30.49.png","publicUrl":"np://user.desktop.nicepage.com/Site_737519087/images/2023-03-2111.30.49.png","size":54605,"hash":"3p1a+ig4WPkyuTGeFJLUCBPm6X4=","fileName":"2023-03-2111.30.49.png","name":"2023-03-2111.30.49","width":500,"height":200,"thumbnail":{"url":"np://user.desktop.nicepage.com/Site_737519087/images/thumbnails/2023-03-2111.30.49.png","width":250,"height":100},"usages":["181302207"]},{"id":"user-image-2023-03-2111.31.22.png","publicUrl":"np://user.desktop.nicepage.com/Site_737519087/images/2023-03-2111.31.22.png","size":26866,"hash":"/gqjYMELAgGpr/SOz0op6KgQgEI=","fileName":"2023-03-2111.31.22.png","name":"2023-03-2111.31.22","width":500,"height":200,"thumbnail":{"url":"np://user.desktop.nicepage.com/Site_737519087/images/thumbnails/2023-03-2111.31.22.png","width":250,"height":100},"usages":["814610371"]},{"id":"user-image-2023-03-2111.31.04.png","publicUrl":"np://user.desktop.nicepage.com/Site_737519087/images/2023-03-2111.31.04.png","size":55648,"hash":"29/TrlGnQsPf+riPes+UQj1o/iU=","fileName":"2023-03-2111.31.04.png","name":"2023-03-2111.31.04","width":496,"height":188,"thumbnail":{"url":"np://user.desktop.nicepage.com/Site_737519087/images/thumbnails/2023-03-2111.31.04.png","width":250,"height":95},"usages":["71206105"]},{"id":"user-image-2023-03-2113.19.10.png","publicUrl":"np://user.desktop.nicepage.com/Site_737519087/images/2023-03-2113.19.10.png","size":300209,"hash":"EOMpcWIpBxf8U8BURMFaemOK9UQ=","fileName":"2023-03-2113.19.10.png","name":"2023-03-2113.19.10","width":1476,"height":892,"thumbnail":{"url":"np://user.desktop.nicepage.com/Site_737519087/images/thumbnails/2023-03-2113.19.10.png","width":250,"height":151},"usages":["71206105"]},{"id":"user-image-2023-03-2113.22.06.png","publicUrl":"np://user.desktop.nicepage.com/Site_737519087/images/2023-03-2113.22.06.png","size":56753,"hash":"z72ouYMCUO6f7oMA5d1ZeSCCkRc=","fileName":"2023-03-2113.22.06.png","name":"2023-03-2113.22.06","width":646,"height":192,"thumbnail":{"url":"np://user.desktop.nicepage.com/Site_737519087/images/thumbnails/2023-03-2113.22.06.png","width":250,"height":74},"usages":["71206105"]},{"id":"user-image-2023-03-2113.22.20.png","publicUrl":"np://user.desktop.nicepage.com/Site_737519087/images/2023-03-2113.22.20.png","size":72746,"hash":"LWFjSO6H/5lAanOrwq4jjwSmXrM=","fileName":"2023-03-2113.22.20.png","name":"2023-03-2113.22.20","width":640,"height":194,"thumbnail":{"url":"np://user.desktop.nicepage.com/Site_737519087/images/thumbnails/2023-03-2113.22.20.png","width":250,"height":76},"usages":["71206105"]},{"id":"user-image-2023-03-2113.22.31.png","publicUrl":"np://user.desktop.nicepage.com/Site_737519087/images/2023-03-2113.22.31.png","size":69887,"hash":"S8+JblcebKVUHA2aaxpJyhlBg84=","fileName":"2023-03-2113.22.31.png","name":"2023-03-2113.22.31","width":630,"height":192,"thumbnail":{"url":"np://user.desktop.nicepage.com/Site_737519087/images/thumbnails/2023-03-2113.22.31.png","width":250,"height":76},"usages":["71206105"]},{"id":"user-image-2023-03-2113.33.22.png","publicUrl":"np://user.desktop.nicepage.com/Site_737519087/images/2023-03-2113.33.22.png","size":22118,"hash":"YesZ5Fa7KDsJztrgUXwah8l6uRo=","fileName":"2023-03-2113.33.22.png","name":"2023-03-2113.33.22","width":298,"height":102,"thumbnail":{"url":"np://user.desktop.nicepage.com/Site_737519087/images/thumbnails/2023-03-2113.33.22.png","width":250,"height":86},"usages":["81491701","67977996"]},{"id":"user-image-2023-03-2115.15.18.png","publicUrl":"np://user.desktop.nicepage.com/Site_737519087/images/2023-03-2115.15.18.png","size":10290,"hash":"pSusIvmaQGCPrrAPhIwalrjtZdo=","fileName":"2023-03-2115.15.18.png","name":"2023-03-2115.15.18","width":104,"height":88,"thumbnail":{"url":"np://user.desktop.nicepage.com/Site_737519087/images/thumbnails/2023-03-2115.15.18.png","width":104,"height":88,"length":10290,"type":"png"},"usages":["71206105","814610371","181302207"]},{"id":"user-image-2023-03-2115.15.33.png","publicUrl":"np://user.desktop.nicepage.com/Site_737519087/images/2023-03-2115.15.33.png","size":14067,"hash":"tQ1cZVTnLNtZCak/q9RHOcXBsvs=","fileName":"2023-03-2115.15.33.png","name":"2023-03-2115.15.33","width":174,"height":66,"thumbnail":{"url":"np://user.desktop.nicepage.com/Site_737519087/images/thumbnails/2023-03-2115.15.33.png","width":174,"height":66,"length":14067,"type":"png"},"usages":["71206105","814610371","181302207"]}]